<?xml version="1.0" encoding="UTF-8"?>
<portlet-app xmlns="http://java.sun.com/xml/ns/portlet/portlet-app_2_0.xsd"
             version="2.0"
             xmlns:xsi="http://www.w3.org/2001/XMLSchema-instance"
             xsi:schemaLocation="http://java.sun.com/xml/ns/portlet/portlet-app_2_0.xsd
   http://java.sun.com/xml/ns/portlet/portlet-app_2_0.xsd">
   <portlet>
     <portlet-name>{{uname}}Application</portlet-name>
     <display-name xml:lang="EN">{{title}} Application</display-name>
     <portlet-class>{{name}}.{{uname}}Portlet</portlet-class>
     <init-param>
       <name>juzu.run_mode</name>
       <value>prod</value>
     </init-param>
     <supports>
       <mime-type>text/html</mime-type>
     </supports>
     <portlet-info>
       <title>{{title}}</title>
       <short-title>{{title}}</short-title>
       <keywords>Content</keywords>
     </portlet-info>
     <portlet-preferences>
       <preference>
         <name>size</name>
         <value>128</value>
         <read-only>false</read-only>
       </preference>
     </portlet-preferences>
   </portlet>

</portlet-app>